Date,GoldPrice
08-17-2023,1915.20
08-16-2023,1928.30
08-15-2023,1935.20
08-14-2023,1944.00
08-11-2023,1946.60
08-10-2023,1948.90
08-09-2023,1950.60
08-08-2023,1959.90
08-07-2023,1970.00
08-04-2023,1939.60
08-03-2023,1932.00
08-02-2023,1937.40
08-01-2023,1940.70
07-31-2023,1970.50
07-28-2023,1960.40
07-27-2023,1945.70
07-26-2023,1970.10
07-25-2023,1963.70
07-24-2023,1962.20
07-21-2023,1966.60
07-20-2023,1970.90
07-19-2023,1980.40
07-18-2023,1980.80
07-17-2023,1956.40
07-14-2023,1964.40
07-13-2023,1963.80
07-12-2023,1961.70
07-11-2023,1937.10
07-10-2023,1931.00
07-07-2023,1932.50
07-06-2023,1915.40
07-05-2023,1927.10
07-03-2023,1929.50
06-30-2023,1929.40
06-29-2023,1917.90
06-28-2023,1922.20
06-27-2023,1923.80
06-26-2023,1933.80
06-23-2023,1929.60
06-22-2023,1923.70
06-21-2023,1944.90
06-20-2023,1947.70
06-16-2023,1971.20
06-15-2023,1970.70
06-14-2023,1968.90
06-13-2023,1958.60
06-12-2023,1969.70
06-09-2023,1977.20
06-08-2023,1978.60
06-07-2023,1958.40
06-06-2023,1965.50
06-05-2023,1958.00
06-02-2023,1952.40
06-01-2023,1978.00
05-31-2023,1963.90
05-30-2023,1958.00
05-26-2023,1944.30
05-25-2023,1943.70
05-24-2023,1964.60
05-23-2023,1974.50
05-22-2023,1977.20
05-19-2023,1981.60
05-18-2023,1959.80
05-17-2023,1984.90
05-16-2023,1993.00
05-15-2023,2022.70
05-12-2023,2019.80
05-11-2023,2020.50
05-10-2023,2037.10
05-09-2023,2042.90
05-08-2023,2033.20
05-05-2023,2024.80
05-04-2023,2055.70
05-03-2023,2037.00
05-02-2023,2023.30
05-01-2023,1992.20
04-28-2023,1999.10
04-27-2023,1999.00
04-26-2023,1996.00
04-25-2023,2004.50
04-24-2023,1999.80
04-21-2023,1990.50
04-20-2023,2019.10
04-19-2023,2007.30
04-18-2023,2019.70
04-17-2023,2007.00
04-14-2023,2015.80
04-13-2023,2055.30
04-12-2023,2024.90
04-11-2023,2019.00
04-10-2023,2003.80
04-06-2023,2026.40
04-05-2023,2020.90
04-04-2023,2022.20
04-03-2023,1983.90
03-31-2023,1969.00
03-30-2023,1980.30
03-29-2023,1966.90
03-28-2023,1973.50
03-27-2023,1953.80
03-24-2023,1983.80
03-23-2023,1995.90
03-22-2023,1949.60
03-21-2023,1941.10
03-20-2023,1999.70
03-17-2023,1990.20
03-16-2023,1923.00
03-15-2023,1931.30
03-14-2023,1910.90
03-13-2023,1916.50
03-10-2023,1867.20
03-09-2023,1834.60
03-08-2023,1818.60
03-07-2023,1820.00
03-06-2023,1852.40
03-03-2023,1854.60
03-02-2023,1840.50
03-01-2023,1845.40
02-28-2023,1836.70
02-27-2023,1824.90
02-24-2023,1817.10
02-23-2023,1826.80
02-22-2023,1841.50
02-21-2023,1842.50
02-17-2023,1850.20
02-16-2023,1851.80
02-15-2023,1845.30
02-14-2023,1865.40
02-13-2023,1863.50
02-10-2023,1874.50
02-09-2023,1878.50
02-08-2023,1890.70
02-07-2023,1884.80
02-06-2023,1879.50
02-03-2023,1876.60
02-02-2023,1930.80
02-01-2023,1942.80
01-31-2023,1945.30
01-30-2023,1939.20
01-27-2023,1945.60
01-26-2023,1946.70
01-25-2023,1959.40
01-24-2023,1952.20
01-23-2023,1945.40
01-20-2023,1928.20
01-19-2023,1923.90
01-18-2023,1907.00
01-17-2023,1909.90
01-13-2023,1921.70
01-12-2023,1898.80
01-11-2023,1878.90
01-10-2023,1876.50
01-09-2023,1877.80
01-06-2023,1869.70
01-05-2023,1840.60
01-04-2023,1859.00
01-03-2023,1846.10
12-30-2022,1826.20
12-29-2022,1826.00
12-28-2022,1815.80
12-27-2022,1823.10
12-23-2022,1804.20
12-22-2022,1795.30
12-21-2022,1823.90
12-20-2022,1825.40
12-19-2022,1797.70
12-16-2022,1800.20
12-15-2022,1787.80
12-14-2022,1818.70
12-13-2022,1825.50
12-12-2022,1792.30
12-09-2022,1810.70
12-08-2022,1801.50
12-07-2022,1798.00
12-06-2022,1782.40
12-05-2022,1781.30
12-02-2022,1809.60
12-01-2022,1815.20
11-30-2022,1759.90
11-29-2022,1763.70
11-28-2022,1755.30
11-25-2022,1768.80
11-23-2022,1760.40
11-22-2022,1754.80
11-21-2022,1754.60
11-18-2022,1769.00
11-17-2022,1763.00
11-16-2022,1775.80
11-15-2022,1774.70
11-14-2022,1774.20
11-11-2022,1774.20
11-10-2022,1753.70
11-09-2022,1715.80
11-08-2022,1716.00
11-07-2022,1680.50
11-04-2022,1685.70
11-03-2022,1637.70
11-02-2022,1651.00
11-01-2022,1636.40
10-31-2022,1648.30
10-28-2022,1648.30
10-27-2022,1668.80
10-26-2022,1669.20
10-25-2022,1658.00
10-24-2022,1654.10
10-21-2022,1656.30
10-20-2022,1636.80
10-19-2022,1634.20
10-18-2022,1655.50
10-17-2022,1664.00
10-14-2022,1672.90
10-13-2022,1672.90
10-12-2022,1677.50
10-11-2022,1686.00
10-10-2022,1675.20
10-07-2022,1709.30
10-06-2022,1720.90
10-05-2022,1720.80
10-04-2022,1730.50
10-03-2022,1702.00
09-30-2022,1672.00
09-29-2022,1668.60
09-28-2022,1670.00
09-27-2022,1636.20
09-26-2022,1633.40
09-23-2022,1655.60
09-22-2022,1681.10
09-21-2022,1675.70
09-20-2022,1671.10
09-19-2022,1678.20
09-16-2022,1683.50
09-15-2022,1677.30
09-14-2022,1709.10
09-13-2022,1717.40
09-12-2022,1740.60
09-09-2022,1728.60
09-08-2022,1720.20
09-07-2022,1727.80
09-06-2022,1712.90
09-02-2022,1722.60
09-01-2022,1709.30
08-31-2022,1726.20
08-30-2022,1736.30
08-29-2022,1749.70
08-26-2022,1749.80
08-25-2022,1771.40
08-24-2022,1761.50
08-23-2022,1761.20
08-22-2022,1748.40
08-19-2022,1762.90
08-18-2022,1771.20
08-17-2022,1776.70
08-16-2022,1789.70
08-15-2022,1798.10
08-12-2022,1815.50
08-11-2022,1807.20
08-10-2022,1813.70
08-09-2022,1812.30
08-08-2022,1805.20
08-05-2022,1791.20
08-04-2022,1806.90
08-03-2022,1776.40
08-02-2022,1789.70
08-01-2022,1787.70
07-29-2022,1781.80
07-28-2022,1769.20
07-27-2022,1737.50
07-26-2022,1735.70
07-25-2022,1737.10
07-22-2022,1745.30
07-21-2022,1731.30
07-20-2022,1717.70
07-19-2022,1728.10
07-18-2022,1710.20
07-15-2022,1703.60
07-14-2022,1705.80
07-13-2022,1735.50
07-12-2022,1724.80
07-11-2022,1731.70
07-08-2022,1742.30
07-07-2022,1739.70
07-06-2022,1736.50
07-05-2022,1763.90
07-01-2022,1801.50
06-30-2022,1807.30
06-29-2022,1817.50
06-28-2022,1821.20
06-27-2022,1824.80
06-24-2022,1830.30
06-23-2022,1829.80
06-22-2022,1838.40
06-21-2022,1838.80
06-17-2022,1840.60
06-16-2022,1849.90
06-15-2022,1819.60
06-14-2022,1813.50
06-13-2022,1831.80
06-10-2022,1875.50
06-09-2022,1852.80
06-08-2022,1856.50
06-07-2022,1852.10
06-06-2022,1843.70
06-03-2022,1850.20
06-02-2022,1871.40
06-01-2022,1848.70
05-31-2022,1848.40
05-27-2022,1857.30
05-26-2022,1853.90
05-25-2022,1852.50
05-24-2022,1871.40
05-23-2022,1853.90
05-20-2022,1848.40
05-19-2022,1847.80
05-18-2022,1822.40
05-17-2022,1818.90
05-16-2022,1814.00
05-13-2022,1808.20
05-12-2022,1824.60
05-11-2022,1853.70
05-10-2022,1841.00
05-09-2022,1858.60
05-06-2022,1882.80
05-05-2022,1875.70
05-04-2022,1868.80
05-03-2022,1870.60
05-02-2022,1863.60
04-29-2022,1911.70
04-28-2022,1891.30
04-27-2022,1888.70
04-26-2022,1904.10
04-25-2022,1896.00
04-22-2022,1934.30
04-21-2022,1948.20
04-20-2022,1955.60
04-19-2022,1959.00
04-18-2022,1986.40
04-14-2022,1974.90
04-13-2022,1984.70
04-12-2022,1976.10
04-11-2022,1948.20
04-08-2022,1945.60
04-07-2022,1937.80
04-06-2022,1923.10
04-05-2022,1927.50
04-04-2022,1934.00
04-01-2022,1923.70
03-31-2022,1954.00
03-30-2022,1939.00
03-29-2022,1918.00
03-28-2022,1944.70
03-25-2022,1959.80
03-24-2022,1967.70
03-23-2022,1942.60
03-22-2022,1926.70
03-21-2022,1934.80
03-18-2022,1933.90
03-17-2022,1948.20
03-16-2022,1909.20
03-15-2022,1929.70
03-14-2022,1960.80
03-11-2022,1985.00
03-10-2022,2000.40
03-09-2022,1988.20
03-08-2022,2043.30
03-07-2022,1995.90
03-04-2022,1966.60
03-03-2022,1935.90
03-02-2022,1922.30
03-01-2022,1943.80
02-28-2022,1900.70
02-25-2022,1887.60
02-24-2022,1926.30
02-23-2022,1910.40
02-22-2022,1907.40
02-18-2022,1899.80
02-17-2022,1902.00
02-16-2022,1871.50
02-15-2022,1856.20
02-14-2022,1869.40
02-11-2022,1842.10
02-10-2022,1837.40
02-09-2022,1836.60
02-08-2022,1827.90
02-07-2022,1821.80
02-04-2022,1807.80
02-03-2022,1804.10
02-02-2022,1810.30
02-01-2022,1801.50
01-31-2022,1796.40
01-28-2022,1786.60
01-27-2022,1795.00
01-26-2022,1832.00
01-25-2022,1855.00
01-24-2022,1844.20
01-21-2022,1834.10
01-20-2022,1844.90
01-19-2022,1845.50
01-18-2022,1812.40
01-14-2022,1816.50
01-13-2022,1821.40
01-12-2022,1827.30
01-11-2022,1818.50
01-10-2022,1798.80
01-07-2022,1797.40
01-06-2022,1789.20
01-05-2022,1825.10
01-04-2022,1814.60
01-03-2022,1800.10
12-31-2021,1828.60
12-30-2021,1814.10
12-29-2021,1805.80
12-28-2021,1810.90
12-27-2021,1808.80
12-23-2021,1811.70
12-22-2021,1802.20
12-21-2021,1788.70
12-20-2021,1794.60
12-17-2021,1804.90
12-16-2021,1798.20
12-15-2021,1764.50
12-14-2021,1772.30
12-13-2021,1788.30
12-10-2021,1784.80
12-09-2021,1776.70
12-08-2021,1785.50
12-07-2021,1784.70
12-06-2021,1779.50
12-03-2021,1783.90
12-02-2021,1762.70
12-01-2021,1784.30
11-30-2021,1776.50
11-29-2021,1785.20
11-26-2021,1788.10
11-24-2021,1786.90
11-23-2021,1786.30
11-22-2021,1809.10
11-19-2021,1854.30
11-18-2021,1864.00
11-17-2021,1872.80
11-16-2021,1854.10
11-15-2021,1866.60
11-12-2021,1868.50
11-11-2021,1863.90
11-10-2021,1848.30
11-09-2021,1830.80
11-08-2021,1828.00
11-05-2021,1816.80
11-04-2021,1793.50
11-03-2021,1763.90
11-02-2021,1789.40
11-01-2021,1795.80
10-29-2021,1783.90
10-28-2021,1802.60
10-27-2021,1798.80
10-26-2021,1793.40
10-25-2021,1806.80
10-22-2021,1796.30
10-21-2021,1781.90
10-20-2021,1784.90
10-19-2021,1770.50
10-18-2021,1765.70
10-15-2021,1768.30
10-14-2021,1797.90
10-13-2021,1794.70
10-12-2021,1759.30
10-11-2021,1755.70
10-08-2021,1757.40
10-07-2021,1759.20
10-06-2021,1761.80
10-05-2021,1760.90
10-04-2021,1767.60
10-01-2021,1758.40
09-30-2021,1757.00
09-29-2021,1722.90
09-28-2021,1737.50
09-27-2021,1752.00
09-24-2021,1751.70
09-23-2021,1749.80
09-22-2021,1778.80
09-21-2021,1778.20
09-20-2021,1763.80
09-17-2021,1751.40
09-16-2021,1756.70
09-15-2021,1794.80
09-14-2021,1807.10
09-13-2021,1794.40
09-10-2021,1792.10
09-09-2021,1800.00
09-08-2021,1793.50
09-07-2021,1798.50
09-03-2021,1833.70
09-02-2021,1811.50
09-01-2021,1816.00
08-31-2021,1818.10
08-30-2021,1812.20
08-27-2021,1819.50
08-26-2021,1795.20
08-25-2021,1791.00
08-24-2021,1808.50
08-23-2021,1806.30
08-20-2021,1784.00
08-19-2021,1783.10
08-18-2021,1784.40
08-17-2021,1787.80
08-16-2021,1789.80
08-13-2021,1778.20
08-12-2021,1751.80
08-11-2021,1753.30
08-10-2021,1731.70
08-09-2021,1726.50
08-06-2021,1763.10
08-05-2021,1808.90
08-04-2021,1814.50
08-03-2021,1814.10
08-02-2021,1822.20
07-30-2021,1817.20
07-29-2021,1835.80
07-28-2021,1804.60
07-27-2021,1804.00
07-26-2021,1803.40
07-23-2021,1805.90
07-22-2021,1809.20
07-21-2021,1807.40
07-20-2021,1811.40
07-19-2021,1809.20
07-16-2021,1815.00
07-15-2021,1829.00
07-14-2021,1825.00
07-13-2021,1809.90
07-12-2021,1805.90
07-09-2021,1810.60
07-08-2021,1800.20
07-07-2021,1802.10
07-06-2021,1794.20
07-02-2021,1783.30
07-01-2021,1776.80
06-30-2021,1771.60
06-29-2021,1763.60
06-28-2021,1780.70
06-25-2021,1777.80
06-24-2021,1776.70
06-23-2021,1783.40
06-22-2021,1777.40
06-21-2021,1782.90
06-18-2021,1769.00
06-17-2021,1774.80
06-16-2021,1861.40
06-15-2021,1856.40
06-14-2021,1865.90
06-11-2021,1879.60
06-10-2021,1896.40
06-09-2021,1895.50
06-08-2021,1894.40
06-07-2021,1898.80
06-04-2021,1892.00
06-03-2021,1873.30
06-02-2021,1909.90
06-01-2021,1905.00
05-28-2021,1905.30
05-27-2021,1898.50
05-26-2021,1903.80
05-25-2021,1900.50
05-24-2021,1886.70
05-21-2021,1878.90
05-20-2021,1883.90
05-19-2021,1881.50
05-18-2021,1868.00
05-17-2021,1867.60
05-14-2021,1838.10
05-13-2021,1824.00
05-12-2021,1822.80
05-11-2021,1836.10
05-10-2021,1837.60
05-07-2021,1831.30
05-06-2021,1815.70
05-05-2021,1784.30
05-04-2021,1776.00
05-03-2021,1791.80
04-30-2021,1767.70
04-29-2021,1768.30
04-28-2021,1773.90
04-27-2021,1778.80
04-26-2021,1780.10
04-23-2021,1777.80
04-22-2021,1782.00
04-21-2021,1793.10
04-20-2021,1778.40
04-19-2021,1770.60
04-16-2021,1780.20
04-15-2021,1766.80
04-14-2021,1736.30
04-13-2021,1747.60
04-12-2021,1732.70
04-09-2021,1744.80
04-08-2021,1758.20
04-07-2021,1741.60
04-06-2021,1743.00
04-05-2021,1728.80
04-01-2021,1728.40
03-31-2021,1715.60
03-30-2021,1686.00
03-29-2021,1714.60
03-26-2021,1734.70
03-25-2021,1727.30
03-24-2021,1735.50
03-23-2021,1727.50
03-22-2021,1740.40
03-19-2021,1743.90
03-18-2021,1734.60
03-17-2021,1727.10
03-16-2021,1730.90
03-15-2021,1729.20
03-12-2021,1719.80
03-11-2021,1722.60
03-10-2021,1721.80
03-09-2021,1716.90
03-08-2021,1678.00
03-05-2021,1698.50
03-04-2021,1700.70
03-03-2021,1715.80
03-02-2021,1733.60
03-01-2021,1723.00
02-26-2021,1728.80
02-25-2021,1775.40
02-24-2021,1797.90
02-23-2021,1805.90
02-22-2021,1808.40
02-19-2021,1777.40
02-18-2021,1775.00
02-17-2021,1772.80
02-16-2021,1799.00
02-12-2021,1823.20
02-11-2021,1826.80
02-10-2021,1842.70
02-09-2021,1837.50
02-08-2021,1834.20
02-05-2021,1813.00
02-04-2021,1791.20
02-03-2021,1835.10
02-02-2021,1833.40
02-01-2021,1863.90
01-29-2021,1850.30
01-28-2021,1841.20
01-27-2021,1848.90
01-26-2021,1854.80
01-25-2021,1859.00
01-22-2021,1859.90
01-21-2021,1869.30
01-20-2021,1870.20
01-19-2021,1840.20
01-15-2021,1829.90
01-14-2021,1851.40
01-13-2021,1854.90
01-12-2021,1844.20
01-11-2021,1850.80
01-08-2021,1835.40
01-07-2021,1913.60
01-06-2021,1908.60
01-05-2021,1954.40
01-04-2021,1946.60
12-31-2020,1895.10
12-30-2020,1893.40
12-29-2020,1882.90
12-28-2020,1880.40
12-24-2020,1883.20
12-23-2020,1878.10
12-22-2020,1870.30
12-21-2020,1882.80
12-18-2020,1888.90
12-17-2020,1890.40
12-16-2020,1859.10
12-15-2020,1855.30
12-14-2020,1832.10
12-11-2020,1843.60
12-10-2020,1837.40
12-09-2020,1838.50
12-08-2020,1874.90
12-07-2020,1866.00
12-04-2020,1840.00
12-03-2020,1841.10
12-02-2020,1830.20
12-01-2020,1818.90
11-30-2020,1780.90
11-27-2020,1788.10
11-25-2020,1811.20
11-24-2020,1810.90
11-23-2020,1844.10
11-20-2020,1872.40
11-19-2020,1861.50
11-18-2020,1873.90
11-17-2020,1885.10
11-16-2020,1887.80
11-13-2020,1886.20
11-12-2020,1873.30
11-11-2020,1861.60
11-10-2020,1876.40
11-09-2020,1854.40
11-06-2020,1951.70
11-05-2020,1946.80
11-04-2020,1896.20
11-03-2020,1910.40
11-02-2020,1892.50
10-30-2020,1879.90
10-29-2020,1868.00
10-28-2020,1879.20
10-27-2020,1911.90
10-26-2020,1905.70
10-23-2020,1905.20
10-22-2020,1904.60
10-21-2020,1929.50
10-20-2020,1915.40
10-19-2020,1911.70
10-16-2020,1906.40
10-15-2020,1908.90
10-14-2020,1907.30
10-13-2020,1894.60
10-12-2020,1928.90
10-09-2020,1926.20
10-08-2020,1895.10
10-07-2020,1890.80
10-06-2020,1908.80
10-05-2020,1920.10
10-02-2020,1907.60
10-01-2020,1916.30
09-30-2020,1895.50
09-29-2020,1903.20
09-28-2020,1882.30
09-25-2020,1866.30
09-24-2020,1876.90
09-23-2020,1868.40
09-22-2020,1907.60
09-21-2020,1910.60
09-18-2020,1962.10
09-17-2020,1949.90
09-16-2020,1970.50
09-15-2020,1966.20
09-14-2020,1963.70
09-11-2020,1947.90
09-10-2020,1964.30
09-09-2020,1954.90
09-08-2020,1943.20
09-04-2020,1934.30
09-03-2020,1937.80
09-02-2020,1944.70
09-01-2020,1978.90
08-31-2020,1978.60
08-28-2020,1974.90
08-27-2020,1932.60
08-26-2020,1952.50
08-25-2020,1923.10
08-24-2020,1939.20
08-21-2020,1947.00
08-20-2020,1946.50
08-19-2020,1970.30
08-18-2020,2013.10
08-17-2020,1998.70
08-14-2020,1949.80
08-13-2020,1970.40
08-12-2020,1949.00
08-11-2020,1946.30
08-10-2020,2039.70
08-07-2020,2028.00
08-06-2020,2069.40
08-05-2020,2049.30
08-04-2020,2021.00
08-03-2020,1986.30
07-31-2020,1985.90
07-30-2020,1966.80
07-29-2020,1976.70
07-28-2020,1963.90
07-27-2020,1955.40
07-24-2020,1897.50
07-23-2020,1890.00
07-22-2020,1865.10
07-21-2020,1843.90
07-20-2020,1817.40
07-17-2020,1810.00
07-16-2020,1800.30
07-15-2020,1813.80
07-14-2020,1813.40
07-13-2020,1814.10
07-10-2020,1801.90
07-09-2020,1803.80
07-08-2020,1820.60
07-07-2020,1809.90
07-06-2020,1793.50
07-02-2020,1790.00
07-01-2020,1779.90
06-30-2020,1800.50
06-29-2020,1781.20
06-26-2020,1780.30
06-25-2020,1770.60
06-24-2020,1775.10
06-23-2020,1782.00
06-22-2020,1766.40
06-19-2020,1753.00
06-18-2020,1731.10
06-17-2020,1735.60
06-16-2020,1736.50
06-15-2020,1727.20
06-12-2020,1737.30
06-11-2020,1739.80
06-10-2020,1720.70
06-09-2020,1721.90
06-08-2020,1705.10
06-05-2020,1683.00
06-04-2020,1727.40
06-03-2020,1704.80
06-02-2020,1734.00
06-01-2020,1750.30
05-29-2020,1736.90
05-28-2020,1728.30
05-27-2020,1726.80
05-26-2020,1728.20
05-22-2020,1734.60
05-21-2020,1721.90
05-20-2020,1750.60
05-19-2020,1745.60
05-18-2020,1734.40
05-15-2020,1753.40
05-14-2020,1740.90
05-13-2020,1716.40
05-12-2020,1706.80
05-11-2020,1698.00
05-08-2020,1709.90
05-07-2020,1725.80
05-06-2020,1688.50
05-05-2020,1710.60
05-04-2020,1713.30
05-01-2020,1694.50
04-30-2020,1694.20
04-29-2020,1703.40
04-28-2020,1722.20
04-27-2020,1723.80
04-24-2020,1723.50
04-23-2020,1745.40
04-22-2020,1738.30
04-21-2020,1687.80
04-20-2020,1711.20
04-17-2020,1689.20
04-16-2020,1731.70
04-15-2020,1740.20
04-14-2020,1768.90
04-13-2020,1744.80
04-09-2020,1736.20
04-08-2020,1684.30
04-07-2020,1683.70
04-06-2020,1677.00
04-03-2020,1633.70
04-02-2020,1637.70
04-01-2020,1591.40
03-31-2020,1583.40
03-30-2020,1643.20
03-27-2020,1623.90
03-26-2020,1660.30
03-25-2020,1634.30
03-24-2020,1660.20
03-23-2020,1572.70
03-20-2020,1484.00
03-19-2020,1479.30
03-18-2020,1477.90
03-17-2020,1524.90
03-16-2020,1486.50
03-13-2020,1516.70
03-12-2020,1590.30
03-11-2020,1642.30
03-10-2020,1659.10
03-09-2020,1675.70
03-06-2020,1672.40
03-05-2020,1666.40
03-04-2020,1643.00
03-03-2020,1642.10
03-02-2020,1592.30
02-28-2020,1564.10
02-27-2020,1642.50
02-26-2020,1643.10
02-25-2020,1650.00
02-24-2020,1676.60
02-21-2020,1644.60
02-20-2020,1620.50
02-19-2020,1611.80
02-18-2020,1600.00
02-14-2020,1582.70
02-13-2020,1578.80
02-12-2020,1571.60
02-11-2020,1565.60
02-10-2020,1579.50
02-07-2020,1568.60
02-06-2020,1570.00
02-05-2020,1562.80
02-04-2020,1555.50
02-03-2020,1582.40
01-31-2020,1582.90
01-30-2020,1589.20
01-29-2020,1576.00
01-28-2020,1575.80
01-27-2020,1583.70
01-24-2020,1571.10
01-23-2020,1571.60
01-22-2020,1556.70
01-21-2020,1556.40
01-17-2020,1558.80
01-16-2020,1550.50
01-15-2020,1554.00
01-14-2020,1544.60
01-13-2020,1550.60
01-10-2020,1557.50
01-09-2020,1554.30
01-08-2020,1560.20
01-07-2020,1574.30
01-06-2020,1568.80
01-03-2020,1549.20
01-02-2020,1528.10
12-31-2019,1519.50
12-30-2019,1518.60
12-27-2019,1518.10
12-26-2019,1514.40
12-24-2019,1499.10
12-23-2019,1488.70
12-20-2019,1474.70
12-19-2019,1478.20
12-18-2019,1478.70
12-17-2019,1480.60
12-16-2019,1480.50
12-13-2019,1475.60
12-12-2019,1472.30
12-11-2019,1475.00
12-10-2019,1462.60
12-09-2019,1464.90
12-06-2019,1459.10
12-05-2019,1483.10
12-04-2019,1480.20
12-03-2019,1478.20
12-02-2019,1469.20
11-29-2019,1472.70
11-27-2019,1453.40
11-26-2019,1467.40
11-25-2019,1463.80
11-22-2019,1468.80
11-21-2019,1470.50
11-20-2019,1470.00
11-19-2019,1473.30
11-18-2019,1471.90
11-15-2019,1467.30
11-14-2019,1473.40
11-13-2019,1463.30
11-12-2019,1452.10
11-11-2019,1457.10
11-08-2019,1461.30
11-07-2019,1464.20
11-06-2019,1493.10
11-05-2019,1483.70
11-04-2019,1511.10
11-01-2019,1508.00
10-31-2019,1514.80
10-30-2019,1493.20
10-29-2019,1490.70
10-28-2019,1495.80
10-25-2019,1499.50
10-24-2019,1504.70
10-23-2019,1495.70
10-22-2019,1487.50
10-21-2019,1488.10
10-18-2019,1488.20
10-17-2019,1498.30
10-16-2019,1494.00
10-15-2019,1483.50
10-14-2019,1497.60
10-11-2019,1488.70
10-10-2019,1500.90
10-09-2019,1512.80
10-08-2019,1497.20
10-07-2019,1504.40
10-04-2019,1506.20
10-03-2019,1513.80
10-02-2019,1501.00
10-01-2019,1489.00
09-30-2019,1472.90
09-27-2019,1506.40
09-26-2019,1515.20
09-25-2019,1512.30
09-24-2019,1532.10
09-23-2019,1531.50
09-20-2019,1507.30
09-19-2019,1506.20
09-18-2019,1515.80
09-17-2019,1513.40
09-16-2019,1503.10
09-13-2019,1490.90
09-12-2019,1507.40
09-11-2019,1503.20
09-10-2019,1499.20
09-09-2019,1511.10
09-06-2019,1506.20
09-05-2019,1525.50
09-04-2019,1560.40
09-03-2019,1555.90
08-30-2019,1529.20
08-29-2019,1536.90
08-28-2019,1549.10
08-27-2019,1551.80
08-26-2019,1537.20
08-23-2019,1537.60
08-22-2019,1497.30
08-21-2019,1515.70
08-20-2019,1515.70
08-19-2019,1511.60
08-16-2019,1523.60
08-15-2019,1531.20
08-14-2019,1527.80
08-13-2019,1514.10
08-12-2019,1517.20
08-09-2019,1508.50
08-08-2019,1509.50
08-07-2019,1507.30
08-06-2019,1484.20
08-05-2019,1464.60
08-02-2019,1457.50
08-01-2019,1432.40
07-31-2019,1437.80
07-30-2019,1441.80
07-29-2019,1433.30
07-26-2019,1432.20
07-25-2019,1427.50
07-24-2019,1436.50
07-23-2019,1421.70
07-22-2019,1426.90
07-19-2019,1426.70
07-18-2019,1428.10
07-17-2019,1421.30
07-16-2019,1411.20
07-15-2019,1413.50
07-12-2019,1412.20
07-11-2019,1406.70
07-10-2019,1412.50
07-09-2019,1400.50
07-08-2019,1400.00
07-05-2019,1400.10
07-03-2019,1420.90
07-02-2019,1408.00
07-01-2019,1385.60
06-28-2019,1409.70
06-27-2019,1412.00
06-26-2019,1411.60
06-25-2019,1418.70
06-24-2019,1418.20
06-21-2019,1400.10
06-20-2019,1396.90
06-19-2019,1348.80
06-18-2019,1350.70
06-17-2019,1342.90
06-14-2019,1344.50
06-13-2019,1343.70
06-12-2019,1336.80
06-11-2019,1331.20
06-10-2019,1329.30
06-07-2019,1346.10
06-06-2019,1342.70
06-05-2019,1333.60
06-04-2019,1323.40
06-03-2019,1327.90
05-31-2019,1311.10
05-30-2019,1287.10
05-29-2019,1286.30
05-28-2019,1282.50
05-24-2019,1289.20
05-23-2019,1291.00
05-22-2019,1274.20
05-21-2019,1273.20
05-20-2019,1277.30
05-17-2019,1275.70
05-16-2019,1286.20
05-15-2019,1297.80
05-14-2019,1296.30
05-13-2019,1301.80
05-10-2019,1287.40
05-09-2019,1285.20
05-08-2019,1281.40
05-07-2019,1285.60
05-06-2019,1283.80
05-03-2019,1281.30
05-02-2019,1272.00
05-01-2019,1284.20
04-30-2019,1282.80
04-29-2019,1281.50
04-26-2019,1288.80
04-25-2019,1279.70
04-24-2019,1279.40
04-23-2019,1273.20
04-22-2019,1277.60
04-18-2019,1276.00
04-17-2019,1276.80
04-16-2019,1277.20
04-15-2019,1291.30
04-12-2019,1295.20
04-11-2019,1293.30
04-10-2019,1313.90
04-09-2019,1308.30
04-08-2019,1297.10
04-05-2019,1295.60
04-04-2019,1294.30
04-03-2019,1295.30
04-02-2019,1295.40
04-01-2019,1294.20
03-29-2019,1298.50
03-28-2019,1295.30
03-27-2019,1316.90
03-26-2019,1321.40
03-25-2019,1329.00
03-22-2019,1318.70
03-21-2019,1313.60
03-20-2019,1300.50
03-19-2019,1306.50
03-18-2019,1301.50
03-15-2019,1302.90
03-14-2019,1293.40
03-13-2019,1309.30
03-12-2019,1296.30
03-11-2019,1291.10
03-08-2019,1299.30
03-07-2019,1286.10
03-06-2019,1287.60
03-05-2019,1284.70
03-04-2019,1287.50
03-01-2019,1299.20
02-28-2019,1316.10
02-27-2019,1317.70
02-26-2019,1328.50
02-25-2019,1329.50
02-22-2019,1332.80
02-21-2019,1327.80
02-20-2019,1347.90
02-19-2019,1344.80
02-15-2019,1322.10
02-14-2019,1313.90
02-13-2019,1310.80
02-12-2019,1314.00
02-11-2019,1307.00
02-08-2019,1318.50
02-07-2019,1314.20
02-06-2019,1314.40
02-05-2019,1319.20
02-04-2019,1319.30
02-01-2019,1322.10
01-31-2019,1325.20
01-30-2019,1315.50
01-29-2019,1315.20
01-28-2019,1309.30
01-25-2019,1304.20
01-24-2019,1285.90
01-23-2019,1290.20
01-22-2019,1283.40
01-18-2019,1282.60
01-17-2019,1292.30
01-16-2019,1293.80
01-15-2019,1288.40
01-14-2019,1289.10
01-11-2019,1289.50
01-10-2019,1287.40
01-09-2019,1292.00
01-08-2019,1285.90
01-07-2019,1289.90
01-04-2019,1285.80
01-03-2019,1294.80
01-02-2019,1284.10
12-31-2018,1281.30
12-28-2018,1283.00
12-27-2018,1281.10
12-26-2018,1273.00
12-24-2018,1271.80
12-21-2018,1258.10
12-20-2018,1267.90
12-19-2018,1256.40
12-18-2018,1253.60
12-17-2018,1251.80
12-14-2018,1241.40
12-13-2018,1247.40
12-12-2018,1250.00
12-11-2018,1247.20
12-10-2018,1249.40
12-07-2018,1252.60
12-06-2018,1243.60
12-05-2018,1242.60
12-04-2018,1246.60
12-03-2018,1239.60
11-30-2018,1226.00
11-29-2018,1230.40
11-28-2018,1229.80
11-27-2018,1219.90
11-26-2018,1228.70
11-23-2018,1223.20
11-21-2018,1225.80
11-20-2018,1221.20
11-19-2018,1225.30
11-16-2018,1223.00
11-15-2018,1215.00
11-14-2018,1210.10
11-13-2018,1199.20
11-12-2018,1201.30
11-09-2018,1208.60
11-08-2018,1225.10
11-07-2018,1228.70
11-06-2018,1226.30
11-05-2018,1232.30
11-02-2018,1233.30
11-01-2018,1238.60
10-31-2018,1215.00
10-30-2018,1225.30
10-29-2018,1227.60
10-26-2018,1235.80
10-25-2018,1232.40
10-24-2018,1231.10
10-23-2018,1236.80
10-22-2018,1224.60
10-19-2018,1228.70
10-18-2018,1230.10
10-17-2018,1227.40
10-16-2018,1231.00
10-15-2018,1226.40
10-12-2018,1222.00
10-11-2018,1227.60
10-10-2018,1193.40
10-09-2018,1191.50
10-08-2018,1184.40
10-05-2018,1205.60
10-04-2018,1201.60
10-03-2018,1202.90
10-02-2018,1207.00
10-01-2018,1191.70
09-28-2018,1196.20
09-27-2018,1182.30
09-26-2018,1199.10
09-25-2018,1205.10
09-24-2018,1204.40
09-21-2018,1201.30
09-20-2018,1211.30
09-19-2018,1202.20
09-18-2018,1202.90
09-17-2018,1205.80
09-14-2018,1201.10
09-13-2018,1208.20
09-12-2018,1210.90
09-11-2018,1202.20
09-10-2018,1199.80
09-07-2018,1200.40
09-06-2018,1204.30
09-05-2018,1201.30
09-04-2018,1199.10
08-31-2018,1206.70
08-30-2018,1205.00
08-29-2018,1211.50
08-28-2018,1207.40
08-27-2018,1216.00
08-24-2018,1213.30
08-23-2018,1194.00
08-22-2018,1203.30
08-21-2018,1200.00
08-20-2018,1194.60
08-17-2018,1184.20
08-16-2018,1184.00
08-15-2018,1185.00
08-14-2018,1193.00
08-13-2018,1198.90
08-10-2018,1219.00
08-09-2018,1219.90
08-08-2018,1221.00
08-07-2018,1218.30
08-06-2018,1208.60
08-03-2018,1223.20
08-02-2018,1210.60
08-01-2018,1227.60
07-31-2018,1233.60
07-30-2018,1231.50
07-27-2018,1232.70
07-26-2018,1235.30
07-25-2018,1241.00
07-24-2018,1234.60
07-23-2018,1234.40
07-20-2018,1231.10
07-19-2018,1224.00
07-18-2018,1227.90
07-17-2018,1227.30
07-16-2018,1239.70
07-13-2018,1241.20
07-12-2018,1246.60
07-11-2018,1244.40
07-10-2018,1255.40
07-09-2018,1259.60
07-06-2018,1255.80
07-05-2018,1258.80
07-03-2018,1253.50
07-02-2018,1241.70
06-29-2018,1254.50
06-28-2018,1251.00
06-27-2018,1256.10
06-26-2018,1259.90
06-25-2018,1268.90
06-22-2018,1270.70
06-21-2018,1270.50
06-20-2018,1274.50
06-19-2018,1278.60
06-18-2018,1280.10
06-15-2018,1278.50
06-14-2018,1308.30
06-13-2018,1301.30
06-12-2018,1299.40
06-11-2018,1303.20
06-08-2018,1302.70
06-07-2018,1303.00
06-06-2018,1301.40
06-05-2018,1302.20
06-04-2018,1297.30
06-01-2018,1299.30
05-31-2018,1304.70
05-30-2018,1306.50
05-29-2018,1304.10
05-25-2018,1309.00
05-24-2018,1309.80
05-23-2018,1294.80
05-22-2018,1297.40
05-21-2018,1290.90
05-18-2018,1291.30
05-17-2018,1289.40
05-16-2018,1291.50
05-15-2018,1290.30
05-14-2018,1318.20
05-11-2018,1320.70
05-10-2018,1322.30
05-09-2018,1313.00
05-08-2018,1313.70
05-07-2018,1314.10
05-04-2018,1314.70
05-03-2018,1312.70
05-02-2018,1305.60
05-01-2018,1306.80
04-30-2018,1319.20
04-27-2018,1323.40
04-26-2018,1317.90
04-25-2018,1322.80
04-24-2018,1333.00
04-23-2018,1324.00
04-20-2018,1338.30
04-19-2018,1348.80
04-18-2018,1353.50
04-17-2018,1349.50
04-16-2018,1350.70
04-13-2018,1347.90
04-12-2018,1341.90
04-11-2018,1360.00
04-10-2018,1345.90
04-09-2018,1340.10
04-06-2018,1336.10
04-05-2018,1328.50
04-04-2018,1340.20
04-03-2018,1337.30
04-02-2018,1352.90
03-29-2018,1327.30
03-28-2018,1330.00
03-27-2018,1347.90
03-26-2018,1360.90
03-23-2018,1355.70
03-22-2018,1333.20
03-21-2018,1321.50
03-20-2018,1311.90
03-19-2018,1317.80
03-16-2018,1312.30
03-15-2018,1317.80
03-14-2018,1325.60
03-13-2018,1327.10
03-12-2018,1320.80
03-09-2018,1324.00
03-08-2018,1321.70
03-07-2018,1327.60
03-06-2018,1335.20
03-05-2018,1319.90
03-02-2018,1323.40
03-01-2018,1305.20
02-28-2018,1317.90
02-27-2018,1315.50
02-26-2018,1332.80
02-23-2018,1330.30
02-22-2018,1332.70
02-21-2018,1332.10
02-20-2018,1331.20
02-16-2018,1356.20
02-15-2018,1355.30
02-14-2018,1358.00
02-13-2018,1330.40
02-12-2018,1326.40
02-09-2018,1315.70
02-08-2018,1319.00
02-07-2018,1314.60
02-06-2018,1329.50
02-05-2018,1336.50
02-02-2018,1337.30
02-01-2018,1347.90
01-31-2018,1343.10
01-30-2018,1340.00
01-29-2018,1345.10
01-26-2018,1357.20
01-25-2018,1368.00
01-24-2018,1361.40
01-23-2018,1336.70
01-22-2018,1331.90
01-19-2018,1333.10
01-18-2018,1327.20
01-17-2018,1339.20
01-16-2018,1337.10
01-12-2018,1334.90
01-11-2018,1322.50
01-10-2018,1319.30
01-09-2018,1313.70
01-08-2018,1320.40
01-05-2018,1322.30
01-04-2018,1321.60
01-03-2018,1318.50
01-02-2018,1316.10
12-29-2017,1309.30
12-28-2017,1297.20
12-27-2017,1291.40
12-26-2017,1287.50
12-22-2017,1278.80
12-21-2017,1270.60
12-20-2017,1269.60
12-19-2017,1264.20
12-18-2017,1265.50
12-15-2017,1257.50
12-14-2017,1257.10
12-13-2017,1248.60
12-12-2017,1241.70
12-11-2017,1246.90
12-08-2017,1248.40
12-07-2017,1253.10
12-06-2017,1266.10
12-05-2017,1264.90
12-04-2017,1277.70
12-01-2017,1282.30
11-30-2017,1276.70
11-29-2017,1286.20
11-28-2017,1299.20
11-27-2017,1298.90
11-24-2017,1291.80
11-22-2017,1296.80
11-21-2017,1281.70
11-20-2017,1275.30
11-17-2017,1296.50
11-16-2017,1278.20
11-15-2017,1277.70
11-14-2017,1282.90
11-13-2017,1278.90
11-10-2017,1274.20
11-09-2017,1287.50
11-08-2017,1283.70
11-07-2017,1275.80
11-06-2017,1281.60
11-03-2017,1269.20
11-02-2017,1278.10
11-01-2017,1277.30
10-31-2017,1270.50
10-30-2017,1277.70
10-27-2017,1271.80
10-26-2017,1269.60
10-25-2017,1279.00
10-24-2017,1278.30
10-23-2017,1280.90
10-20-2017,1280.50
10-19-2017,1290.00
10-18-2017,1283.00
10-17-2017,1286.20
10-16-2017,1303.00
10-13-2017,1304.60
10-12-2017,1296.50
10-11-2017,1288.90
10-10-2017,1293.80
10-09-2017,1285.00
10-06-2017,1274.90
10-05-2017,1273.20
10-04-2017,1276.80
10-03-2017,1274.60
10-02-2017,1275.80
09-29-2017,1284.80
09-28-2017,1288.70
09-27-2017,1287.80
09-26-2017,1301.70
09-25-2017,1311.50
09-22-2017,1297.50
09-21-2017,1294.80
09-20-2017,1316.40
09-19-2017,1310.60
09-18-2017,1310.80
09-15-2017,1325.20
09-14-2017,1329.30
09-13-2017,1328.00
09-12-2017,1332.70
09-11-2017,1335.70
09-08-2017,1351.20
09-07-2017,1350.30
09-06-2017,1339.00
09-05-2017,1344.50
09-01-2017,1330.40
08-31-2017,1322.20
08-30-2017,1314.10
08-29-2017,1318.90
08-28-2017,1315.30
08-25-2017,1297.90
08-24-2017,1292.00
08-23-2017,1294.70
08-22-2017,1291.00
08-21-2017,1296.70
08-18-2017,1291.60
08-17-2017,1292.40
08-16-2017,1282.90
08-15-2017,1279.70
08-14-2017,1290.40
08-11-2017,1294.00
08-10-2017,1290.10
08-09-2017,1279.30
08-08-2017,1262.60
08-07-2017,1264.70
08-04-2017,1264.60
08-03-2017,1274.40
08-02-2017,1278.40
08-01-2017,1279.40
07-31-2017,1273.40
07-28-2017,1275.30
07-27-2017,1266.50
07-26-2017,1255.60
07-25-2017,1258.50
07-24-2017,1260.70
07-21-2017,1261.00
07-20-2017,1245.50
07-19-2017,1242.00
07-18-2017,1241.90
07-17-2017,1233.70
07-14-2017,1227.50
07-13-2017,1217.30
07-12-2017,1219.10
07-11-2017,1214.70
07-10-2017,1213.20
07-07-2017,1209.70
07-06-2017,1223.30
07-05-2017,1221.70
07-03-2017,1219.20
06-30-2017,1242.30
06-29-2017,1245.80
06-28-2017,1249.10
06-27-2017,1246.90
06-26-2017,1246.40
06-23-2017,1256.40
06-22-2017,1249.40
06-21-2017,1245.80
06-20-2017,1243.50
06-19-2017,1246.70
06-16-2017,1256.50
06-15-2017,1254.60
06-14-2017,1275.90
06-13-2017,1268.60
06-12-2017,1268.90
06-09-2017,1271.40
06-08-2017,1279.50
06-07-2017,1293.20
06-06-2017,1297.50
06-05-2017,1282.70
06-02-2017,1280.20
06-01-2017,1270.10
05-31-2017,1275.40
05-30-2017,1265.70
05-26-2017,1271.40
05-25-2017,1259.80
05-24-2017,1253.10
05-23-2017,1255.50
05-22-2017,1261.40
05-19-2017,1253.60
05-18-2017,1252.80
05-17-2017,1258.70
05-16-2017,1236.40
05-15-2017,1230.00
05-12-2017,1227.70
05-11-2017,1224.20
05-10-2017,1218.90
05-09-2017,1216.10
05-08-2017,1227.10
05-05-2017,1226.90
05-04-2017,1228.60
05-03-2017,1248.50
05-02-2017,1257.00
05-01-2017,1255.50
04-28-2017,1268.30
04-27-2017,1265.90
04-26-2017,1264.20
04-25-2017,1267.20
04-24-2017,1277.50
04-21-2017,1289.10
04-20-2017,1283.80
04-19-2017,1283.40
04-18-2017,1294.10
04-17-2017,1291.90
04-13-2017,1288.50
04-12-2017,1278.10
04-11-2017,1274.20
04-10-2017,1253.90
04-07-2017,1257.30
04-06-2017,1253.30
04-05-2017,1248.50
04-04-2017,1258.40
04-03-2017,1254.00
03-31-2017,1251.20
03-30-2017,1248.00
03-29-2017,1256.80
03-28-2017,1258.80
03-27-2017,1258.80
03-24-2017,1251.70
03-23-2017,1250.10
03-22-2017,1249.70
03-21-2017,1246.50
03-20-2017,1234.00
03-17-2017,1230.20
03-16-2017,1227.10
03-15-2017,1200.70
03-14-2017,1202.60
03-13-2017,1203.10
03-10-2017,1201.40
03-09-2017,1203.20
03-08-2017,1209.40
03-07-2017,1216.10
03-06-2017,1225.50
03-03-2017,1226.50
03-02-2017,1232.90
03-01-2017,1250.00
02-28-2017,1253.90
02-27-2017,1258.80
02-24-2017,1258.30
02-23-2017,1251.40
02-22-2017,1233.30
02-21-2017,1238.90
02-17-2017,1239.10
02-16-2017,1241.60
02-15-2017,1233.10
02-14-2017,1225.40
02-13-2017,1225.80
02-10-2017,1235.90
02-09-2017,1236.80
02-08-2017,1239.50
02-07-2017,1236.10
02-06-2017,1232.10
02-03-2017,1220.80
02-02-2017,1219.40
02-01-2017,1208.30
01-31-2017,1211.40
01-30-2017,1196.00
01-27-2017,1191.10
01-26-2017,1192.50
01-25-2017,1200.50
01-24-2017,1210.80
01-23-2017,1215.60
01-20-2017,1204.90
01-19-2017,1201.50
01-18-2017,1212.10
01-17-2017,1212.90
01-13-2017,1196.20
01-12-2017,1199.80
01-11-2017,1196.60
01-10-2017,1185.50
01-09-2017,1184.90
01-06-2017,1173.40
01-05-2017,1181.30
01-04-2017,1165.30
01-03-2017,1162.00
12-30-2016,1151.70
12-29-2016,1158.10
12-28-2016,1140.90
12-27-2016,1138.80
12-23-2016,1133.60
12-22-2016,1133.60
12-21-2016,1133.20
12-20-2016,1133.60
12-19-2016,1142.70
12-16-2016,1137.40
12-15-2016,1129.80
12-14-2016,1163.70
12-13-2016,1159.00
12-12-2016,1165.80
12-09-2016,1161.90
12-08-2016,1172.40
12-07-2016,1177.50
12-06-2016,1170.10
12-05-2016,1176.50
12-02-2016,1177.80
12-01-2016,1169.40
11-30-2016,1173.90
11-29-2016,1190.80
11-28-2016,1193.80
11-25-2016,1181.00
11-23-2016,1192.40
11-22-2016,1211.20
11-21-2016,1209.80
11-18-2016,1208.70
11-17-2016,1216.90
11-16-2016,1223.90
11-15-2016,1224.50
11-14-2016,1221.70
11-11-2016,1224.30
11-10-2016,1266.40
11-09-2016,1273.50
11-08-2016,1274.50
11-07-2016,1279.40
11-04-2016,1304.50
11-03-2016,1303.30
11-02-2016,1308.20
11-01-2016,1288.00
10-31-2016,1273.10
10-28-2016,1276.80
10-27-2016,1269.50
10-26-2016,1266.60
10-25-2016,1273.60
10-24-2016,1263.70
10-21-2016,1267.70
10-20-2016,1267.50
10-19-2016,1269.90
10-18-2016,1262.90
10-17-2016,1256.60
10-14-2016,1255.50
10-13-2016,1257.60
10-12-2016,1253.80
10-11-2016,1255.90
10-10-2016,1260.40
10-07-2016,1251.90
10-06-2016,1253.00
10-05-2016,1268.60
10-04-2016,1269.70
10-03-2016,1312.70
09-30-2016,1317.10
09-29-2016,1326.00
09-28-2016,1323.70
09-27-2016,1330.40
09-26-2016,1344.10
09-23-2016,1341.70
09-22-2016,1344.70
09-21-2016,1331.40
09-20-2016,1318.20
09-19-2016,1317.80
09-16-2016,1310.20
09-15-2016,1318.00
09-14-2016,1326.10
09-13-2016,1323.70
09-12-2016,1325.60
09-09-2016,1334.50
09-08-2016,1341.60
09-07-2016,1349.20
09-06-2016,1349.20
09-02-2016,1354.00
09-01-2016,1317.10
08-31-2016,1311.40
08-30-2016,1316.50
08-29-2016,1327.10
08-26-2016,1325.90
08-25-2016,1324.60
08-24-2016,1329.70
08-23-2016,1346.10
08-22-2016,1343.40
08-19-2016,1346.20
08-18-2016,1357.20
08-17-2016,1348.80
08-16-2016,1356.90
08-15-2016,1347.50
08-12-2016,1343.20
08-11-2016,1350.00
08-10-2016,1351.90
08-09-2016,1346.70
08-08-2016,1341.30
08-05-2016,1344.40
08-04-2016,1367.40
08-03-2016,1364.70
08-02-2016,1372.60
08-01-2016,1359.60
07-29-2016,1349.00
07-28-2016,1332.30
07-27-2016,1326.70
07-26-2016,1320.80
07-25-2016,1319.50
07-22-2016,1323.40
07-21-2016,1331.00
07-20-2016,1319.30
07-19-2016,1332.30
07-18-2016,1329.30
07-15-2016,1327.40
07-14-2016,1327.40
07-13-2016,1332.20
07-12-2016,1335.30
07-11-2016,1356.60
07-08-2016,1358.40
07-07-2016,1362.10
07-06-2016,1367.10
07-05-2016,1358.70
07-01-2016,1339.00
06-30-2016,1320.60
06-29-2016,1326.90
06-28-2016,1317.90
06-27-2016,1324.70
06-24-2016,1322.40
06-23-2016,1263.10
06-22-2016,1270.00
06-21-2016,1272.50
06-20-2016,1292.10
06-17-2016,1294.80
06-16-2016,1298.40
06-15-2016,1288.30
06-14-2016,1288.10
06-13-2016,1286.90
06-10-2016,1275.90
06-09-2016,1272.70
06-08-2016,1262.30
06-07-2016,1247.00
06-06-2016,1247.40
06-03-2016,1242.90
06-02-2016,1212.60
06-01-2016,1214.70
05-31-2016,1217.50
05-27-2016,1216.70
05-26-2016,1222.70
05-25-2016,1226.60
05-24-2016,1232.20
05-23-2016,1251.50
05-20-2016,1252.90
05-19-2016,1254.80
05-18-2016,1274.40
05-17-2016,1276.90
05-16-2016,1274.20
05-13-2016,1272.70
05-12-2016,1271.20
05-11-2016,1275.50
05-10-2016,1264.80
05-09-2016,1266.60
05-06-2016,1294.00
05-05-2016,1272.30
05-04-2016,1274.40
05-03-2016,1291.80
05-02-2016,1295.80
04-29-2016,1290.50
04-28-2016,1266.40
04-27-2016,1250.40
04-26-2016,1243.40
04-25-2016,1240.20
04-22-2016,1230.00
04-21-2016,1250.30
04-20-2016,1254.40
04-19-2016,1254.30
04-18-2016,1235.00
04-15-2016,1234.60
04-14-2016,1226.50
04-13-2016,1248.30
04-12-2016,1260.90
04-11-2016,1258.00
04-08-2016,1243.80
04-07-2016,1237.50
04-06-2016,1223.80
04-05-2016,1229.60
04-04-2016,1219.30
04-01-2016,1223.50
03-31-2016,1235.60
03-30-2016,1228.60
03-29-2016,1237.50
03-28-2016,1222.00
03-24-2016,1223.50
03-23-2016,1225.60
03-22-2016,1248.60
03-21-2016,1244.20
03-18-2016,1254.30
03-17-2016,1265.00
03-16-2016,1229.80
03-15-2016,1231.00
03-14-2016,1245.10
03-11-2016,1259.40
03-10-2016,1272.80
03-09-2016,1257.40
03-08-2016,1262.90
03-07-2016,1264.00
03-04-2016,1270.70
03-03-2016,1258.20
03-02-2016,1241.80
03-01-2016,1230.80
02-29-2016,1234.40
02-26-2016,1220.40
02-25-2016,1238.80
02-24-2016,1239.10
02-23-2016,1222.60
02-22-2016,1210.10
02-19-2016,1230.80
02-18-2016,1226.30
02-17-2016,1211.40
02-16-2016,1208.20
02-12-2016,1239.40
02-11-2016,1247.80
02-10-2016,1194.60
02-09-2016,1198.60
02-08-2016,1197.90
02-05-2016,1157.70
02-04-2016,1157.50
02-03-2016,1141.30
02-02-2016,1127.20
02-01-2016,1128.00
01-29-2016,1116.40
01-28-2016,1116.10
01-27-2016,1116.30
01-26-2016,1120.60
01-25-2016,1105.30
01-22-2016,1096.30
01-21-2016,1098.20
01-20-2016,1106.20
01-19-2016,1089.10
01-15-2016,1090.70
01-14-2016,1073.60
01-13-2016,1087.10
01-12-2016,1085.20
01-11-2016,1096.20
01-08-2016,1097.90
01-07-2016,1107.80
01-06-2016,1091.90
01-05-2016,1078.40
01-04-2016,1075.20
12-31-2015,1060.20
12-30-2015,1059.80
12-29-2015,1068.00
12-28-2015,1068.30
12-25-2015,1075.90
12-24-2015,1075.90
12-23-2015,1068.30
12-22-2015,1074.10
12-21-2015,1080.60
12-18-2015,1065.00
12-17-2015,1049.60
12-16-2015,1076.80
12-15-2015,1061.60
12-14-2015,1063.40
12-11-2015,1075.70
12-10-2015,1072.00
12-09-2015,1076.50
12-08-2015,1075.30
12-07-2015,1075.20
12-04-2015,1084.10
12-03-2015,1061.20
12-02-2015,1053.80
12-01-2015,1063.50
11-30-2015,1065.30
11-27-2015,1056.20
11-26-2015,1069.70
11-25-2015,1069.70
11-24-2015,1073.30
11-23-2015,1066.60
11-20-2015,1076.30
11-19-2015,1077.90
11-18-2015,1068.70
11-17-2015,1068.60
11-16-2015,1083.60
11-13-2015,1080.90
11-12-2015,1081.00
11-11-2015,1084.90
11-10-2015,1088.50
11-09-2015,1088.10
11-06-2015,1087.70
11-05-2015,1104.20
11-04-2015,1106.20
11-03-2015,1114.10
11-02-2015,1135.90
10-30-2015,1141.40
10-29-2015,1147.30
10-28-2015,1176.10
10-27-2015,1165.80
10-26-2015,1166.20
10-23-2015,1162.80
10-22-2015,1166.10
10-21-2015,1167.10
10-20-2015,1177.50
10-19-2015,1172.80
10-16-2015,1183.10
10-15-2015,1187.50
10-14-2015,1179.80
10-13-2015,1165.40
10-12-2015,1164.50
10-09-2015,1155.90
10-08-2015,1144.30
10-07-2015,1148.70
10-06-2015,1146.40
10-05-2015,1137.60
10-02-2015,1136.60
10-01-2015,1113.70
09-30-2015,1115.20
09-29-2015,1126.80
09-28-2015,1131.70
09-25-2015,1145.60
09-24-2015,1153.80
09-23-2015,1131.50
09-22-2015,1124.80
09-21-2015,1132.80
09-18-2015,1137.80
09-17-2015,1117.00
09-16-2015,1119.00
09-15-2015,1102.60
09-14-2015,1107.70
09-11-2015,1103.30
09-10-2015,1109.30
09-09-2015,1102.00
09-08-2015,1121.00
09-07-2015,1121.40
09-04-2015,1121.40
09-03-2015,1124.50
09-02-2015,1133.60
09-01-2015,1139.80
08-31-2015,1132.50
08-28-2015,1134.00
08-27-2015,1122.60
08-26-2015,1124.60
08-25-2015,1138.30
08-24-2015,1153.60
08-21-2015,1159.60
08-20-2015,1153.20
08-19-2015,1127.90
08-18-2015,1116.90
08-17-2015,1118.40
08-14-2015,1112.70
08-13-2015,1115.60
08-12-2015,1123.60
08-11-2015,1107.70
08-10-2015,1104.10
08-07-2015,1094.10
08-06-2015,1090.10
08-05-2015,1085.60
08-04-2015,1090.70
08-03-2015,1089.40
07-31-2015,1095.10
07-30-2015,1088.70
07-29-2015,1093.30
07-28-2015,1096.70
07-27-2015,1096.90
07-24-2015,1085.50
07-23-2015,1094.10
07-22-2015,1091.50
07-21-2015,1103.50
07-20-2015,1106.80
07-17-2015,1131.90
07-16-2015,1143.90
07-15-2015,1147.40
07-14-2015,1153.50
07-13-2015,1155.40
07-10-2015,1157.90
07-09-2015,1159.20
07-08-2015,1163.50
07-07-2015,1152.60
07-06-2015,1173.20
07-03-2015,1163.50
07-02-2015,1163.50
07-01-2015,1169.30
06-30-2015,1171.80
06-29-2015,1179.00
06-26-2015,1173.20
06-25-2015,1171.80
06-24-2015,1172.90
06-23-2015,1176.60
06-22-2015,1184.10
06-19-2015,1201.90
06-18-2015,1202.00
06-17-2015,1176.80
06-16-2015,1180.90
06-15-2015,1185.80
06-12-2015,1179.20
06-11-2015,1180.40
06-10-2015,1186.60
06-09-2015,1177.60
06-08-2015,1173.60
06-05-2015,1168.10
06-04-2015,1175.20
06-03-2015,1184.90
06-02-2015,1194.40
06-01-2015,1188.70
05-29-2015,1189.80
05-28-2015,1188.80
05-27-2015,1186.50
05-26-2015,1187.80
05-25-2015,1204.00
05-22-2015,1204.00
05-21-2015,1204.10
05-20-2015,1208.70
05-19-2015,1206.70
05-18-2015,1227.60
05-15-2015,1225.30
05-14-2015,1225.20
05-13-2015,1218.20
05-12-2015,1192.40
05-11-2015,1183.00
05-08-2015,1188.90
05-07-2015,1182.20
05-06-2015,1190.30
05-05-2015,1193.20
05-04-2015,1186.80
05-01-2015,1174.50
04-30-2015,1182.40
04-29-2015,1210.00
04-28-2015,1213.90
04-27-2015,1203.20
04-24-2015,1175.00
04-23-2015,1194.30
04-22-2015,1186.90
04-21-2015,1203.10
04-20-2015,1193.70
04-17-2015,1203.10
04-16-2015,1198.00
04-15-2015,1201.30
04-14-2015,1192.60
04-13-2015,1199.30
04-10-2015,1204.60
04-09-2015,1193.60
04-08-2015,1203.10
04-07-2015,1210.60
04-06-2015,1218.60
04-03-2015,1200.90
04-02-2015,1200.90
04-01-2015,1208.20
03-31-2015,1183.20
03-30-2015,1185.30
03-27-2015,1200.70
03-26-2015,1205.70
03-25-2015,1197.00
03-24-2015,1191.40
03-23-2015,1187.70
03-20-2015,1184.60
03-19-2015,1169.00
03-18-2015,1151.30
03-17-2015,1148.20
03-16-2015,1153.20
03-13-2015,1152.40
03-12-2015,1151.90
03-11-2015,1150.60
03-10-2015,1160.10
03-09-2015,1166.50
03-06-2015,1164.30
03-05-2015,1196.20
03-04-2015,1200.90
03-03-2015,1204.40
03-02-2015,1208.20
02-27-2015,1213.10
02-26-2015,1210.10
02-25-2015,1201.50
02-24-2015,1197.30
02-23-2015,1200.80
02-20-2015,1204.90
02-19-2015,1207.60
02-18-2015,1200.20
02-17-2015,1208.60
02-16-2015,1227.10
02-13-2015,1227.10
02-12-2015,1220.70
02-11-2015,1219.60
02-10-2015,1232.20
02-09-2015,1241.50
02-06-2015,1234.60
02-05-2015,1262.70
02-04-2015,1264.50
02-03-2015,1260.30
02-02-2015,1276.90
01-30-2015,1279.20
01-29-2015,1255.90
01-28-2015,1287.20
01-27-2015,1292.90
01-26-2015,1279.40
01-23-2015,1292.60
01-22-2015,1300.70
01-21-2015,1293.70
01-20-2015,1294.20
01-19-2015,1276.90
01-16-2015,1276.90
01-15-2015,1264.80
01-14-2015,1234.50
01-13-2015,1234.40
01-12-2015,1232.80
01-09-2015,1216.10
01-08-2015,1208.50
01-07-2015,1210.70
01-06-2015,1219.40
01-05-2015,1204.00
01-02-2015,1186.20
01-01-2015,1184.10
12-31-2014,1184.10
12-30-2014,1200.40
12-29-2014,1181.90
12-26-2014,1195.30
12-25-2014,1173.50
12-24-2014,1173.50
12-23-2014,1178.00
12-22-2014,1179.80
12-19-2014,1196.00
12-18-2014,1194.80
12-17-2014,1194.50
12-16-2014,1194.30
12-15-2014,1207.70
12-12-2014,1222.50
12-11-2014,1225.60
12-10-2014,1229.40
12-09-2014,1232.00
12-08-2014,1194.90
12-05-2014,1190.40
12-04-2014,1207.70
12-03-2014,1208.70
12-02-2014,1199.40
12-01-2014,1218.10
11-28-2014,1175.50
11-27-2014,1197.50
11-26-2014,1197.50
11-25-2014,1197.80
11-24-2014,1196.60
11-21-2014,1197.70
11-20-2014,1190.90
11-19-2014,1193.90
11-18-2014,1197.10
11-17-2014,1183.50
11-14-2014,1185.60
11-13-2014,1161.50
11-12-2014,1159.10
11-11-2014,1163.00
11-10-2014,1159.80
11-07-2014,1169.80
11-06-2014,1142.60
11-05-2014,1145.70
11-04-2014,1167.70
11-03-2014,1169.80
10-31-2014,1171.60
10-30-2014,1198.60
10-29-2014,1224.90
10-28-2014,1229.40
10-27-2014,1229.30
10-24-2014,1231.80
10-23-2014,1229.10
10-22-2014,1245.50
10-21-2014,1251.70
10-20-2014,1244.70
10-17-2014,1239.00
10-16-2014,1241.20
10-15-2014,1244.80
10-14-2014,1234.30
10-13-2014,1230.00
10-10-2014,1221.70
10-09-2014,1225.30
10-08-2014,1206.00
10-07-2014,1212.40
10-06-2014,1207.30
10-03-2014,1192.90
10-02-2014,1215.10
10-01-2014,1215.50
09-30-2014,1211.60
09-29-2014,1218.80
09-26-2014,1215.40
09-25-2014,1221.90
09-24-2014,1219.50
09-23-2014,1222.00
09-22-2014,1217.90
09-19-2014,1216.60
09-18-2014,1226.90
09-17-2014,1235.90
09-16-2014,1236.70
09-15-2014,1235.10
09-12-2014,1231.50
09-11-2014,1239.00
09-10-2014,1245.30
09-09-2014,1248.50
09-08-2014,1254.30
09-05-2014,1267.30
09-04-2014,1266.50
09-03-2014,1270.30
09-02-2014,1265.00
09-01-2014,1287.40
08-29-2014,1287.40
08-28-2014,1290.40
08-27-2014,1283.40
08-26-2014,1285.20
08-25-2014,1278.90
08-22-2014,1280.20
08-21-2014,1275.40
08-20-2014,1295.20
08-19-2014,1296.70
08-18-2014,1299.30
08-15-2014,1306.20
08-14-2014,1315.70
08-13-2014,1314.50
08-12-2014,1310.60
08-11-2014,1310.50
08-08-2014,1311.00
08-07-2014,1312.50
08-06-2014,1308.20
08-05-2014,1285.30
08-04-2014,1288.90
08-01-2014,1294.80
07-31-2014,1282.80
07-30-2014,1296.90
07-29-2014,1300.50
07-28-2014,1305.80
07-25-2014,1305.30
07-24-2014,1292.70
07-23-2014,1306.50
07-22-2014,1308.00
07-21-2014,1315.50
07-18-2014,1309.40
07-17-2014,1316.90
07-16-2014,1299.80
07-15-2014,1297.10
07-14-2014,1306.70
07-11-2014,1337.40
07-10-2014,1339.20
07-09-2014,1324.30
07-08-2014,1316.50
07-07-2014,1317.00
07-04-2014,1320.60
07-03-2014,1320.60
07-02-2014,1330.90
07-01-2014,1326.60
06-30-2014,1322.00
06-27-2014,1320.00
06-26-2014,1317.00
06-25-2014,1322.60
06-24-2014,1321.30
06-23-2014,1318.40
06-20-2014,1316.60
06-19-2014,1314.10
06-18-2014,1272.70
06-17-2014,1272.00
06-16-2014,1275.30
06-13-2014,1274.10
06-12-2014,1274.00
06-11-2014,1261.20
06-10-2014,1260.10
06-09-2014,1253.90
06-06-2014,1252.50
06-05-2014,1253.30
06-04-2014,1244.30
06-03-2014,1244.50
06-02-2014,1244.00
05-30-2014,1246.00
05-29-2014,1257.10
05-28-2014,1259.70
05-27-2014,1265.70
05-26-2014,1291.90
05-23-2014,1291.90
05-22-2014,1295.20
05-21-2014,1288.10
05-20-2014,1294.60
05-19-2014,1293.80
05-16-2014,1293.40
05-15-2014,1293.60
05-14-2014,1305.90
05-13-2014,1294.80
05-12-2014,1295.80
05-09-2014,1287.60
05-08-2014,1287.70
05-07-2014,1288.90
05-06-2014,1308.60
05-05-2014,1309.30
05-02-2014,1302.90
05-01-2014,1283.40
04-30-2014,1295.90
04-29-2014,1296.30
04-28-2014,1299.00
04-25-2014,1300.80
04-24-2014,1290.60
04-23-2014,1284.60
04-22-2014,1281.10
04-21-2014,1288.50
04-18-2014,1293.90
04-17-2014,1293.90
04-16-2014,1303.50
04-15-2014,1300.30
04-14-2014,1327.50
04-11-2014,1319.00
04-10-2014,1320.50
04-09-2014,1305.90
04-08-2014,1309.10
04-07-2014,1298.30
04-04-2014,1303.50
04-03-2014,1284.60
04-02-2014,1290.80
04-01-2014,1280.00
03-31-2014,1283.80
03-28-2014,1294.30
03-27-2014,1294.80
03-26-2014,1303.40
03-25-2014,1311.40
03-24-2014,1311.10
03-21-2014,1336.00
03-20-2014,1330.50
03-19-2014,1341.30
03-18-2014,1359.00
03-17-2014,1372.90
03-14-2014,1379.00
03-13-2014,1372.40
03-12-2014,1370.50
03-11-2014,1346.70
03-10-2014,1341.50
03-07-2014,1338.20
03-06-2014,1351.80
03-05-2014,1340.30
03-04-2014,1337.90
03-03-2014,1350.30
02-28-2014,1321.60
02-27-2014,1331.80
02-26-2014,1328.00
02-25-2014,1342.70
02-24-2014,1338.00
02-21-2014,1323.60
02-20-2014,1316.90
02-19-2014,1320.40
02-18-2014,1324.40
02-17-2014,1318.60
02-14-2014,1318.60
02-13-2014,1300.10
02-12-2014,1295.00
02-11-2014,1289.80
02-10-2014,1274.70
02-07-2014,1262.90
02-06-2014,1257.20
02-05-2014,1256.90
02-04-2014,1251.20
02-03-2014,1259.90
01-31-2014,1239.80
01-30-2014,1242.50
01-29-2014,1262.20
01-28-2014,1250.50
01-27-2014,1263.50
01-24-2014,1264.50
01-23-2014,1262.50
01-22-2014,1238.60
01-21-2014,1241.80
01-20-2014,1251.90
01-17-2014,1251.90
01-16-2014,1240.20
01-15-2014,1238.30
01-14-2014,1245.40
01-13-2014,1251.10
01-10-2014,1246.90
01-09-2014,1229.40
01-08-2014,1225.50
01-07-2014,1229.60
01-06-2014,1238.00
01-03-2014,1225.20
01-02-2014,1225.20
01-01-2014,1202.30
12-31-2013,1202.30
12-30-2013,1203.80
12-27-2013,1214.00
12-26-2013,1212.30
12-25-2013,1203.30
12-24-2013,1203.30
12-23-2013,1197.00
12-20-2013,1203.70
12-19-2013,1193.60
12-18-2013,1235.00
12-17-2013,1230.10
12-16-2013,1244.40
12-13-2013,1234.60
12-12-2013,1224.90
12-11-2013,1257.20
12-10-2013,1261.10
12-09-2013,1234.20
12-06-2013,1229.00
12-05-2013,1231.90
12-04-2013,1247.20
12-03-2013,1220.80
12-02-2013,1221.90
11-29-2013,1250.40
11-28-2013,1237.90
11-27-2013,1237.90
11-26-2013,1241.50
11-25-2013,1241.60
11-22-2013,1244.10
11-21-2013,1243.60
11-20-2013,1258.00
11-19-2013,1273.50
11-18-2013,1272.30
11-15-2013,1287.40
11-14-2013,1286.30
11-13-2013,1268.40
11-12-2013,1271.20
11-11-2013,1281.10
11-08-2013,1284.60
11-07-2013,1308.50
11-06-2013,1317.80
11-05-2013,1308.10
11-04-2013,1314.70
11-01-2013,1313.20
10-31-2013,1323.70
10-30-2013,1349.30
10-29-2013,1345.50
10-28-2013,1352.20
10-25-2013,1352.50
10-24-2013,1350.30
10-23-2013,1334.00
10-22-2013,1342.60
10-21-2013,1315.80
10-18-2013,1314.60
10-17-2013,1323.00
10-16-2013,1282.30
10-15-2013,1273.20
10-14-2013,1276.60
10-11-2013,1268.20
10-10-2013,1296.90
10-09-2013,1307.20
10-08-2013,1324.60
10-07-2013,1325.10
10-04-2013,1309.90
10-03-2013,1317.60
10-02-2013,1320.70
10-01-2013,1286.10
09-30-2013,1327.00
09-27-2013,1339.20
09-26-2013,1324.10
09-25-2013,1336.20
09-24-2013,1316.30
09-23-2013,1327.00
09-20-2013,1332.50
09-19-2013,1369.30
09-18-2013,1307.60
09-17-2013,1309.40
09-16-2013,1317.80
09-13-2013,1308.60
09-12-2013,1330.60
09-11-2013,1363.80
09-10-2013,1364.00
09-09-2013,1386.70
09-06-2013,1386.50
09-05-2013,1373.00
09-04-2013,1390.00
09-03-2013,1412.00
09-02-2013,1396.10
08-30-2013,1396.10
08-29-2013,1412.90
08-28-2013,1418.80
08-27-2013,1420.20
08-26-2013,1393.10
08-23-2013,1395.80
08-22-2013,1370.80
08-21-2013,1370.10
08-20-2013,1372.60
08-19-2013,1365.70
